name,email,number
AlexanderOrtiz,alexander.ortiz@email.com,15551234567
CharlotteDavis,charlotte.davis@email.com,15552345678
MichaelJohnson,michael.johnson@email.com,15553456789
SophiaRodriguez,sophia.rodriguez@email.com,15554567890
LucasThompson,lucas.thompson@email.com,15555678901
MadisonWilson,madison.wilson@email.com,15556789012
CalebGarcia,caleb.garcia@email.com,15557890123
SamanthaWright,samantha.wright@email.com,15558901234
ElijahJackson,elijah.jackson@email.com,15559012345
OliviaLee,olivia.lee@email.com,15550123126
BenjaminMartin,benjamin.martin@email.com,214271843
AvaTurner,ava.turner@email.com,949023516
MatthewBrown,matthew.brown@email.com,906449453
GracePerez,grace.perez@email.com,646683550
JacksonCollins,jackson.collins@email.com,449332889
AbigailFlores,abigail.flores@email.com,578620515
WilliamHernandez,william.hernandez@email.com,238845084
ElizabethDavis,elizabeth.davis@email.com,949620129
DanielMartinez,daniel.martinez@email.com,749522250
VictoriaAnderson,victoria.anderson@email.com,879383386
Rasa Jonaite,rasa.jonaite@example.com,37062345678
Andrius Petrauskas,andrius.petrauskas@example.com,37061234567
Lukas Kavaliauskas,lukas.kavaliauskas@example.com,37064001122
Ieva zilinskaite,ieva.zilinskaite@example.com,37069876543
Laura Balciunaite,laura.balciunaite@example.com,37062098876
Povilas Jankauskas,povilas.jankauskas@example.com,37061122334
Greta Stankeviciute,greta.stankeviciute@example.com,37067234879
Tomas simkus,tomas.simkus@example.com,37069998877
Justina Vaitkute,justina.vaitkute@example.com,37063456789
Martynas Janavicius,martynas.janavicius@example.com,37067789012
Ruta Kazlauskaite,ruta.kazlauskaite@example.com,37062340123
Jonas zilinskas,jonas.zilinskas@example.com,37061233222
Giedre Balciunaite,giedre.balciunaite@example.com,37064003344
Ignas Kavaliauskas,ignas.kavaliauskas@example.com,37069871111
Jolanta Stankeviciute,jolanta.stankeviciute@example.com,37062096666
Mindaugas Petrauskas,mindaugas.petrauskas@example.com,37061125678
Emilija Jonaitiene,emilija.jonaitiene@example.com,37067234567
Edvinas Vaitkus,edvinas.vaitkus@example.com,37069990000
Karolina Jankauskaite,karolina.jankauskaite@example.com,37063451234
Mantas simkus,mantas.simkus@example.com,37067771111
